{
    "handler": "Microsoft.HDInsight",
    "version": "0.0.1-preview",
    "parameters": {
        "clusterName": {
            "type": "string",
            "metadata": {
                "description": "The name of the HDInsight cluster to create."
            }
        },
        "clusterLoginUserName": {
            "type": "string",
            "defaultValue": "hdiadmin",
            "metadata": {
                "description": "These credentials can be used to submit jobs to the cluster and to log into cluster dashboards."
            }
        },
        "clusterLoginPassword": {
            "type": "securestring",
            "metadata": {
                "description": "The password must be at least 10 characters in length and must contain at least one digit, one non-alphanumeric character, and one upper or lower case letter."
            }
        },
        "sshUserName": {
            "type": "string",
            "defaultValue": "sshuser",
            "metadata": {
                "description": "These credentials can be used to remotely access the cluster."
            }
        },
        "sshPassword": {
            "type": "securestring",
            "metadata": {
                "description": "The password must be at least 10 characters in length and must contain at least one digit, one non-alphanumeric character, and one upper or lower case letter."
            }
        },
        "sparkVersion": {
            "type": "string",
            "metadata": {
                "description": "The Spark version to be installed on the cluster."
            },
            "allowedValues": [
                "1.6",
                "2.0"
            ],
            "defaultValue": "2.0"
        },
        "location": {
            "type": "string",
            "defaultValue": "East US",
            "allowedValues": [
                "East US",
                "East US 2",
                "North Central US",
                "South Central US",
                "West US",
                "North Europe",
                "West Europe",
                "East Asia",
                "Southeast Asia",
                "Japan East",
                "Japan West",
                "Australia East",
                "Australia Southeast"
            ],
            "metadata": {
                "description": "The location where all azure resources will be deployed."
            }
        },
        "clusterType": {
            "type": "string",
            "defaultValue": "spark",
            "allowedValues": [
                "spark"
            ],
            "metadata": {
                "description": "The type of the HDInsight cluster to create."
            }
        },
        "galleryPackageIdentity": {
            "type": "string",
            "metadata": {
                "description": "H2O is an open source, in-memory, distributed, fast, and scalable machine learning and predictive analytics platform."
            },
            "defaultValue": "H2O HDInsight App"
        },
        "edgeNodeSize": {
            "type": "string",
            "metadata": {
                "description": "Size of the edge node that hosts the application"
            },
            "defaultValue": "Standard_D3",
            "allowedValues": [
                "Standard_A1",
                "Standard_A2",
                "Standard_A3",
                "Standard_A4",
                "Standard_D1",
                "Standard_D2",
                "Standard_D3",
                "Standard_D4"
            ]
        },
        "clusterHeadNodeSize": {
            "type": "string",
            "defaultValue": "Standard_D12_v2",
            "allowedValues": [
                "Standard_D3_v2",
                "Standard_D4_v2",
                "Standard_D5_v2",
                "Standard_D11_v2",
                "Standard_D12_v2",
                "Standard_D13_v2",
                "Standard_D14_v2",
                "Standard_D15_v2",
                "Standard_D3",
                "Standard_D4",
                "Standard_D5"
            ],
            "metadata": {
                "description": "The size of the head nodes in the HDInsight Spark cluster."
            }
        },
        "clusterWorkerNodeSize": {
            "type": "string",
            "defaultValue": "Standard_D13_v2",
            "allowedValues": [
                "Standard_D1_v2",
                "Standard_D2_v2",
                "Standard_D3_v2",
                "Standard_D4_v2",
                "Standard_D5_v2",
                "Standard_D12_v2",
                "Standard_D13_v2",
                "Standard_D14_v2",
                "Standard_D15_v2",
                "Standard_D1",
                "Standard_D2",
                "Standard_D3",
                "Standard_D4",
                "Standard_D5"
            ],
            "metadata": {
                "description": "The size of the head nodes in the HDInsight Spark cluster."
            }
        },
        "clusterWorkerNodeCount": {
            "type": "int",
            "defaultValue": 3,
            "metadata": {
                "description": "The number of nodes in the HDInsight cluster."
            }
        },
        "clusterStorageAccountName": {
            "type": "string"
        },
        "clusterStorageAccountContainer": {
            "type": "string"
        }
    },
    "clusterFilters": {
        "types": [ "Spark" ],
        "tiers": [ "Standard", "Premium" ],
        "versions": [ "3.5" ]
    },
    "outputs": {
        "sshUserName": "[parameters('sshUserName')]",
        "sparkVersion": "[parameters('sparkVersion')]"        
    }
}